"filename", "language", "XML", "yUML", "JSON", "HTML", "JavaScript", "CSS", "Java", "Properties", "Markdown", "comment", "blank", "total"
"d:\git\atmAssignment\Seq.svg", "XML", 2, 0, 0, 0, 0, 0, 0, 0, 0, 0, 0, 2
"d:\git\atmAssignment\Seq.yuml", "yUML", 0, 25, 0, 0, 0, 0, 0, 0, 0, 2, 0, 27
"d:\git\atmAssignment\ServerProperties.json", "JSON", 0, 0, 4, 0, 0, 0, 0, 0, 0, 0, 0, 4
"d:\git\atmAssignment\TransactionObj.yuml", "yUML", 0, 7, 0, 0, 0, 0, 0, 0, 0, 2, 0, 9
"d:\git\atmAssignment\Usecase Diagram.svg", "XML", 132, 0, 0, 0, 0, 0, 0, 0, 0, 25, 1, 158
"d:\git\atmAssignment\Usecase Diagram.yuml", "yUML", 0, 11, 0, 0, 0, 0, 0, 0, 0, 3, 1, 15
"d:\git\atmAssignment\View Flow.svg", "XML", 266, 0, 0, 0, 0, 0, 0, 0, 0, 47, 1, 314
"d:\git\atmAssignment\View Flow.yuml", "yUML", 0, 23, 0, 0, 0, 0, 0, 0, 0, 2, 0, 25
"d:\git\atmAssignment\actDia.yuml", "yUML", 0, 25, 0, 0, 0, 0, 0, 0, 0, 1, 0, 26
"d:\git\atmAssignment\atm\ServerProperties.json", "JSON", 0, 0, 4, 0, 0, 0, 0, 0, 0, 0, 0, 4
"d:\git\atmAssignment\atm\doc\allclasses-index.html", "HTML", 0, 0, 0, 270, 0, 0, 0, 0, 0, 41, 1, 312
"d:\git\atmAssignment\atm\doc\allclasses.html", "HTML", 0, 0, 0, 52, 0, 0, 0, 0, 0, 5, 1, 58
"d:\git\atmAssignment\atm\doc\allpackages-index.html", "HTML", 0, 0, 0, 148, 0, 0, 0, 0, 0, 41, 1, 190
"d:\git\atmAssignment\atm\doc\application\AccountListController.html", "HTML", 0, 0, 0, 291, 0, 0, 0, 0, 0, 55, 1, 347
"d:\git\atmAssignment\atm\doc\application\ApplicationTest.html", "HTML", 0, 0, 0, 253, 0, 0, 0, 0, 0, 54, 1, 308
"d:\git\atmAssignment\atm\doc\application\CreateAccount.html", "HTML", 0, 0, 0, 326, 0, 0, 0, 0, 0, 61, 1, 388
"d:\git\atmAssignment\atm\doc\application\DepositController.html", "HTML", 0, 0, 0, 312, 0, 0, 0, 0, 0, 56, 1, 369
"d:\git\atmAssignment\atm\doc\application\DepositOkController.html", "HTML", 0, 0, 0, 290, 0, 0, 0, 0, 0, 55, 1, 346
"d:\git\atmAssignment\atm\doc\application\Example.html", "HTML", 0, 0, 0, 258, 0, 0, 0, 0, 0, 54, 1, 313
"d:\git\atmAssignment\atm\doc\application\InputUtil.html", "HTML", 0, 0, 0, 271, 0, 0, 0, 0, 0, 54, 1, 326
"d:\git\atmAssignment\atm\doc\application\LoginController.html", "HTML", 0, 0, 0, 288, 0, 0, 0, 0, 0, 55, 1, 344
"d:\git\atmAssignment\atm\doc\application\LoginMain.html", "HTML", 0, 0, 0, 317, 0, 0, 0, 0, 0, 62, 1, 380
"d:\git\atmAssignment\atm\doc\application\Main.html", "HTML", 0, 0, 0, 258, 0, 0, 0, 0, 0, 54, 1, 313
"d:\git\atmAssignment\atm\doc\application\MainmenuController.html", "HTML", 0, 0, 0, 392, 0, 0, 0, 0, 0, 66, 1, 459
"d:\git\atmAssignment\atm\doc\application\RecordController.html", "HTML", 0, 0, 0, 301, 0, 0, 0, 0, 0, 59, 1, 361
"d:\git\atmAssignment\atm\doc\application\SendController.html", "HTML", 0, 0, 0, 509, 0, 0, 0, 0, 0, 75, 1, 585
"d:\git\atmAssignment\atm\doc\application\SendsuccessController.html", "HTML", 0, 0, 0, 264, 0, 0, 0, 0, 0, 54, 1, 319
"d:\git\atmAssignment\atm\doc\application\TableRowModel.html", "HTML", 0, 0, 0, 379, 0, 0, 0, 0, 0, 63, 1, 443
"d:\git\atmAssignment\atm\doc\application\WithdrawController.html", "HTML", 0, 0, 0, 315, 0, 0, 0, 0, 0, 56, 1, 372
"d:\git\atmAssignment\atm\doc\application\WithdrawOkController.html", "HTML", 0, 0, 0, 287, 0, 0, 0, 0, 0, 55, 1, 343
"d:\git\atmAssignment\atm\doc\application\class-use\AccountListController.html", "HTML", 0, 0, 0, 108, 0, 0, 0, 0, 0, 41, 1, 150
"d:\git\atmAssignment\atm\doc\application\class-use\ApplicationTest.html", "HTML", 0, 0, 0, 108, 0, 0, 0, 0, 0, 41, 1, 150
"d:\git\atmAssignment\atm\doc\application\class-use\CreateAccount.html", "HTML", 0, 0, 0, 108, 0, 0, 0, 0, 0, 41, 1, 150
"d:\git\atmAssignment\atm\doc\application\class-use\DepositController.html", "HTML", 0, 0, 0, 108, 0, 0, 0, 0, 0, 41, 1, 150
"d:\git\atmAssignment\atm\doc\application\class-use\DepositOkController.html", "HTML", 0, 0, 0, 108, 0, 0, 0, 0, 0, 41, 1, 150
"d:\git\atmAssignment\atm\doc\application\class-use\Example.html", "HTML", 0, 0, 0, 108, 0, 0, 0, 0, 0, 41, 1, 150
"d:\git\atmAssignment\atm\doc\application\class-use\InputUtil.html", "HTML", 0, 0, 0, 108, 0, 0, 0, 0, 0, 41, 1, 150
"d:\git\atmAssignment\atm\doc\application\class-use\LoginController.html", "HTML", 0, 0, 0, 108, 0, 0, 0, 0, 0, 41, 1, 150
"d:\git\atmAssignment\atm\doc\application\class-use\LoginMain.html", "HTML", 0, 0, 0, 108, 0, 0, 0, 0, 0, 41, 1, 150
"d:\git\atmAssignment\atm\doc\application\class-use\Main.html", "HTML", 0, 0, 0, 108, 0, 0, 0, 0, 0, 41, 1, 150
"d:\git\atmAssignment\atm\doc\application\class-use\MainmenuController.html", "HTML", 0, 0, 0, 108, 0, 0, 0, 0, 0, 41, 1, 150
"d:\git\atmAssignment\atm\doc\application\class-use\RecordController.html", "HTML", 0, 0, 0, 108, 0, 0, 0, 0, 0, 41, 1, 150
"d:\git\atmAssignment\atm\doc\application\class-use\SendController.html", "HTML", 0, 0, 0, 108, 0, 0, 0, 0, 0, 41, 1, 150
"d:\git\atmAssignment\atm\doc\application\class-use\SendsuccessController.html", "HTML", 0, 0, 0, 108, 0, 0, 0, 0, 0, 41, 1, 150
"d:\git\atmAssignment\atm\doc\application\class-use\TableRowModel.html", "HTML", 0, 0, 0, 153, 0, 0, 0, 0, 0, 42, 1, 196
"d:\git\atmAssignment\atm\doc\application\class-use\WithdrawController.html", "HTML", 0, 0, 0, 108, 0, 0, 0, 0, 0, 41, 1, 150
"d:\git\atmAssignment\atm\doc\application\class-use\WithdrawOkController.html", "HTML", 0, 0, 0, 108, 0, 0, 0, 0, 0, 41, 1, 150
"d:\git\atmAssignment\atm\doc\application\package-summary.html", "HTML", 0, 0, 0, 200, 0, 0, 0, 0, 0, 42, 1, 243
"d:\git\atmAssignment\atm\doc\application\package-tree.html", "HTML", 0, 0, 0, 143, 0, 0, 0, 0, 0, 41, 1, 185
"d:\git\atmAssignment\atm\doc\application\package-use.html", "HTML", 0, 0, 0, 146, 0, 0, 0, 0, 0, 42, 1, 189
"d:\git\atmAssignment\atm\doc\constant-values.html", "HTML", 0, 0, 0, 110, 0, 0, 0, 0, 0, 41, 1, 152
"d:\git\atmAssignment\atm\doc\deprecated-list.html", "HTML", 0, 0, 0, 108, 0, 0, 0, 0, 0, 41, 1, 150
"d:\git\atmAssignment\atm\doc\form\Account.html", "HTML", 0, 0, 0, 362, 0, 0, 0, 0, 0, 58, 1, 421
"d:\git\atmAssignment\atm\doc\form\ClientSocket.html", "HTML", 0, 0, 0, 349, 0, 0, 0, 0, 0, 57, 1, 407
"d:\git\atmAssignment\atm\doc\form\Enum\BankType.html", "HTML", 0, 0, 0, 410, 0, 0, 0, 0, 0, 62, 1, 473
"d:\git\atmAssignment\atm\doc\form\Enum\TransactionType.html", "HTML", 0, 0, 0, 348, 0, 0, 0, 0, 0, 58, 1, 407
"d:\git\atmAssignment\atm\doc\form\Enum\class-use\BankType.html", "HTML", 0, 0, 0, 293, 0, 0, 0, 0, 0, 44, 1, 338
"d:\git\atmAssignment\atm\doc\form\Enum\class-use\TransactionType.html", "HTML", 0, 0, 0, 208, 0, 0, 0, 0, 0, 43, 1, 252
"d:\git\atmAssignment\atm\doc\form\Enum\package-summary.html", "HTML", 0, 0, 0, 134, 0, 0, 0, 0, 0, 41, 1, 176
"d:\git\atmAssignment\atm\doc\form\Enum\package-tree.html", "HTML", 0, 0, 0, 128, 0, 0, 0, 0, 0, 41, 1, 170
"d:\git\atmAssignment\atm\doc\form\Enum\package-use.html", "HTML", 0, 0, 0, 204, 0, 0, 0, 0, 0, 44, 1, 249
"d:\git\atmAssignment\atm\doc\form\Transaction.html", "HTML", 0, 0, 0, 365, 0, 0, 0, 0, 0, 58, 1, 424
"d:\git\atmAssignment\atm\doc\form\TransactionDAO.html", "HTML", 0, 0, 0, 616, 0, 0, 0, 0, 0, 66, 1, 683
"d:\git\atmAssignment\atm\doc\form\class-use\Account.html", "HTML", 0, 0, 0, 209, 0, 0, 0, 0, 0, 42, 1, 252
"d:\git\atmAssignment\atm\doc\form\class-use\ClientSocket.html", "HTML", 0, 0, 0, 108, 0, 0, 0, 0, 0, 41, 1, 150
"d:\git\atmAssignment\atm\doc\form\class-use\Transaction.html", "HTML", 0, 0, 0, 206, 0, 0, 0, 0, 0, 43, 1, 250
"d:\git\atmAssignment\atm\doc\form\class-use\TransactionDAO.html", "HTML", 0, 0, 0, 191, 0, 0, 0, 0, 0, 43, 1, 235
"d:\git\atmAssignment\atm\doc\form\package-summary.html", "HTML", 0, 0, 0, 150, 0, 0, 0, 0, 0, 42, 1, 193
"d:\git\atmAssignment\atm\doc\form\package-tree.html", "HTML", 0, 0, 0, 126, 0, 0, 0, 0, 0, 41, 1, 168
"d:\git\atmAssignment\atm\doc\form\package-use.html", "HTML", 0, 0, 0, 206, 0, 0, 0, 0, 0, 44, 1, 251
"d:\git\atmAssignment\atm\doc\help-doc.html", "HTML", 0, 0, 0, 240, 0, 0, 0, 0, 0, 41, 1, 282
"d:\git\atmAssignment\atm\doc\index-files\index-1.html", "HTML", 0, 0, 0, 152, 0, 0, 0, 0, 0, 42, 1, 195
"d:\git\atmAssignment\atm\doc\index-files\index-10.html", "HTML", 0, 0, 0, 142, 0, 0, 0, 0, 0, 42, 1, 185
"d:\git\atmAssignment\atm\doc\index-files\index-11.html", "HTML", 0, 0, 0, 140, 0, 0, 0, 0, 0, 42, 1, 183
"d:\git\atmAssignment\atm\doc\index-files\index-12.html", "HTML", 0, 0, 0, 116, 0, 0, 0, 0, 0, 42, 1, 159
"d:\git\atmAssignment\atm\doc\index-files\index-13.html", "HTML", 0, 0, 0, 126, 0, 0, 0, 0, 0, 42, 1, 169
"d:\git\atmAssignment\atm\doc\index-files\index-14.html", "HTML", 0, 0, 0, 116, 0, 0, 0, 0, 0, 42, 1, 159
"d:\git\atmAssignment\atm\doc\index-files\index-15.html", "HTML", 0, 0, 0, 130, 0, 0, 0, 0, 0, 42, 1, 173
"d:\git\atmAssignment\atm\doc\index-files\index-16.html", "HTML", 0, 0, 0, 176, 0, 0, 0, 0, 0, 42, 1, 219
"d:\git\atmAssignment\atm\doc\index-files\index-17.html", "HTML", 0, 0, 0, 156, 0, 0, 0, 0, 0, 42, 1, 199
"d:\git\atmAssignment\atm\doc\index-files\index-18.html", "HTML", 0, 0, 0, 137, 0, 0, 0, 0, 0, 42, 1, 180
"d:\git\atmAssignment\atm\doc\index-files\index-19.html", "HTML", 0, 0, 0, 126, 0, 0, 0, 0, 0, 42, 1, 169
"d:\git\atmAssignment\atm\doc\index-files\index-2.html", "HTML", 0, 0, 0, 126, 0, 0, 0, 0, 0, 42, 1, 169
"d:\git\atmAssignment\atm\doc\index-files\index-3.html", "HTML", 0, 0, 0, 152, 0, 0, 0, 0, 0, 42, 1, 195
"d:\git\atmAssignment\atm\doc\index-files\index-4.html", "HTML", 0, 0, 0, 142, 0, 0, 0, 0, 0, 42, 1, 185
"d:\git\atmAssignment\atm\doc\index-files\index-5.html", "HTML", 0, 0, 0, 114, 0, 0, 0, 0, 0, 42, 1, 157
"d:\git\atmAssignment\atm\doc\index-files\index-6.html", "HTML", 0, 0, 0, 116, 0, 0, 0, 0, 0, 42, 1, 159
"d:\git\atmAssignment\atm\doc\index-files\index-7.html", "HTML", 0, 0, 0, 222, 0, 0, 0, 0, 0, 42, 1, 265
"d:\git\atmAssignment\atm\doc\index-files\index-8.html", "HTML", 0, 0, 0, 144, 0, 0, 0, 0, 0, 42, 1, 187
"d:\git\atmAssignment\atm\doc\index-files\index-9.html", "HTML", 0, 0, 0, 116, 0, 0, 0, 0, 0, 42, 1, 159
"d:\git\atmAssignment\atm\doc\index.html", "HTML", 0, 0, 0, 141, 0, 0, 0, 0, 0, 41, 1, 183
"d:\git\atmAssignment\atm\doc\jquery\external\jquery\jquery.js", "JavaScript", 0, 0, 0, 0, 6689, 0, 0, 0, 0, 1725, 1951, 10365
"d:\git\atmAssignment\atm\doc\jquery\jquery-3.3.1.js", "JavaScript", 0, 0, 0, 0, 6689, 0, 0, 0, 0, 1725, 1951, 10365
"d:\git\atmAssignment\atm\doc\jquery\jquery-migrate-3.0.1.js", "JavaScript", 0, 0, 0, 0, 433, 0, 0, 0, 0, 60, 136, 629
"d:\git\atmAssignment\atm\doc\jquery\jquery-ui.css", "CSS", 0, 0, 0, 0, 0, 487, 0, 0, 0, 34, 24, 545
"d:\git\atmAssignment\atm\doc\jquery\jquery-ui.js", "JavaScript", 0, 0, 0, 0, 2050, 0, 0, 0, 0, 248, 313, 2611
"d:\git\atmAssignment\atm\doc\jquery\jquery-ui.min.css", "CSS", 0, 0, 0, 0, 0, 1, 0, 0, 0, 5, 2, 8
"d:\git\atmAssignment\atm\doc\jquery\jquery-ui.min.js", "JavaScript", 0, 0, 0, 0, 2, 0, 0, 0, 0, 4, 2, 8
"d:\git\atmAssignment\atm\doc\jquery\jquery-ui.structure.css", "CSS", 0, 0, 0, 0, 0, 115, 0, 0, 0, 24, 14, 153
"d:\git\atmAssignment\atm\doc\jquery\jquery-ui.structure.min.css", "CSS", 0, 0, 0, 0, 0, 1, 0, 0, 0, 3, 2, 6
"d:\git\atmAssignment\atm\doc\jquery\jszip-utils\dist\jszip-utils-ie.js", "JavaScript", 0, 0, 0, 0, 37, 0, 0, 0, 0, 14, 6, 57
"d:\git\atmAssignment\atm\doc\jquery\jszip-utils\dist\jszip-utils-ie.min.js", "JavaScript", 0, 0, 0, 0, 1, 0, 0, 0, 0, 9, 1, 11
"d:\git\atmAssignment\atm\doc\jquery\jszip-utils\dist\jszip-utils.js", "JavaScript", 0, 0, 0, 0, 58, 0, 0, 0, 0, 43, 18, 119
"d:\git\atmAssignment\atm\doc\jquery\jszip-utils\dist\jszip-utils.min.js", "JavaScript", 0, 0, 0, 0, 1, 0, 0, 0, 0, 9, 1, 11
"d:\git\atmAssignment\atm\doc\jquery\jszip\dist\jszip.js", "JavaScript", 0, 0, 0, 0, 6898, 0, 0, 0, 0, 3398, 1327, 11623
"d:\git\atmAssignment\atm\doc\jquery\jszip\dist\jszip.min.js", "JavaScript", 0, 0, 0, 0, 4, 0, 0, 0, 0, 11, 0, 15
"d:\git\atmAssignment\atm\doc\member-search-index.js", "JavaScript", 0, 0, 0, 0, 1, 0, 0, 0, 0, 0, 0, 1
"d:\git\atmAssignment\atm\doc\overview-summary.html", "HTML", 0, 0, 0, 21, 0, 0, 0, 0, 0, 2, 1, 24
"d:\git\atmAssignment\atm\doc\overview-tree.html", "HTML", 0, 0, 0, 172, 0, 0, 0, 0, 0, 41, 1, 214
"d:\git\atmAssignment\atm\doc\package-search-index.js", "JavaScript", 0, 0, 0, 0, 1, 0, 0, 0, 0, 0, 0, 1
"d:\git\atmAssignment\atm\doc\script.js", "JavaScript", 0, 0, 0, 0, 109, 0, 0, 0, 0, 24, 7, 140
"d:\git\atmAssignment\atm\doc\search.js", "JavaScript", 0, 0, 0, 0, 300, 0, 0, 0, 0, 25, 5, 330
"d:\git\atmAssignment\atm\doc\serialized-form.html", "HTML", 0, 0, 0, 176, 0, 0, 0, 0, 0, 43, 1, 220
"d:\git\atmAssignment\atm\doc\server\Authentication.html", "HTML", 0, 0, 0, 258, 0, 0, 0, 0, 0, 50, 1, 309
"d:\git\atmAssignment\atm\doc\server\ClientConnectionSocket.html", "HTML", 0, 0, 0, 402, 0, 0, 0, 0, 0, 60, 1, 463
"d:\git\atmAssignment\atm\doc\server\DatabaseDAO.html", "HTML", 0, 0, 0, 293, 0, 0, 0, 0, 0, 55, 1, 349
"d:\git\atmAssignment\atm\doc\server\Enum\RequsetType.html", "HTML", 0, 0, 0, 393, 0, 0, 0, 0, 0, 61, 1, 455
"d:\git\atmAssignment\atm\doc\server\Enum\class-use\RequsetType.html", "HTML", 0, 0, 0, 190, 0, 0, 0, 0, 0, 43, 1, 234
"d:\git\atmAssignment\atm\doc\server\Enum\package-summary.html", "HTML", 0, 0, 0, 128, 0, 0, 0, 0, 0, 41, 1, 170
"d:\git\atmAssignment\atm\doc\server\Enum\package-tree.html", "HTML", 0, 0, 0, 127, 0, 0, 0, 0, 0, 41, 1, 169
"d:\git\atmAssignment\atm\doc\server\Enum\package-use.html", "HTML", 0, 0, 0, 168, 0, 0, 0, 0, 0, 43, 1, 212
"d:\git\atmAssignment\atm\doc\server\ServerController.html", "HTML", 0, 0, 0, 259, 0, 0, 0, 0, 0, 54, 1, 314
"d:\git\atmAssignment\atm\doc\server\Test.html", "HTML", 0, 0, 0, 297, 0, 0, 0, 0, 0, 59, 1, 357
"d:\git\atmAssignment\atm\doc\server\class-use\Authentication.html", "HTML", 0, 0, 0, 155, 0, 0, 0, 0, 0, 42, 1, 198
"d:\git\atmAssignment\atm\doc\server\class-use\ClientConnectionSocket.html", "HTML", 0, 0, 0, 153, 0, 0, 0, 0, 0, 42, 1, 196
"d:\git\atmAssignment\atm\doc\server\class-use\DatabaseDAO.html", "HTML", 0, 0, 0, 108, 0, 0, 0, 0, 0, 41, 1, 150
"d:\git\atmAssignment\atm\doc\server\class-use\ServerController.html", "HTML", 0, 0, 0, 108, 0, 0, 0, 0, 0, 41, 1, 150
"d:\git\atmAssignment\atm\doc\server\class-use\Test.html", "HTML", 0, 0, 0, 108, 0, 0, 0, 0, 0, 41, 1, 150
"d:\git\atmAssignment\atm\doc\server\package-summary.html", "HTML", 0, 0, 0, 154, 0, 0, 0, 0, 0, 42, 1, 197
"d:\git\atmAssignment\atm\doc\server\package-tree.html", "HTML", 0, 0, 0, 127, 0, 0, 0, 0, 0, 41, 1, 169
"d:\git\atmAssignment\atm\doc\server\package-use.html", "HTML", 0, 0, 0, 152, 0, 0, 0, 0, 0, 42, 1, 195
"d:\git\atmAssignment\atm\doc\stylesheet.css", "CSS", 0, 0, 0, 0, 0, 831, 0, 0, 0, 68, 8, 907
"d:\git\atmAssignment\atm\doc\type-search-index.js", "JavaScript", 0, 0, 0, 0, 1, 0, 0, 0, 0, 0, 0, 1
"d:\git\atmAssignment\atm\src\application\AccountListController.java", "Java", 0, 0, 0, 0, 0, 0, 116, 0, 0, 15, 16, 147
"d:\git\atmAssignment\atm\src\application\ApplicationTest.java", "Java", 0, 0, 0, 0, 0, 0, 14, 0, 0, 0, 3, 17
"d:\git\atmAssignment\atm\src\application\CreateAccount.java", "Java", 0, 0, 0, 0, 0, 0, 67, 0, 0, 4, 9, 80
"d:\git\atmAssignment\atm\src\application\DepositController.java", "Java", 0, 0, 0, 0, 0, 0, 96, 0, 0, 13, 15, 124
"d:\git\atmAssignment\atm\src\application\DepositOkController.java", "Java", 0, 0, 0, 0, 0, 0, 60, 0, 0, 10, 9, 79
"d:\git\atmAssignment\atm\src\application\Example.java", "Java", 0, 0, 0, 0, 0, 0, 31, 0, 0, 10, 11, 52
"d:\git\atmAssignment\atm\src\application\InputUtil.java", "Java", 0, 0, 0, 0, 0, 0, 16, 0, 0, 12, 4, 32
"d:\git\atmAssignment\atm\src\application\LoginController.java", "Java", 0, 0, 0, 0, 0, 0, 112, 0, 0, 10, 10, 132
"d:\git\atmAssignment\atm\src\application\LoginMain.java", "Java", 0, 0, 0, 0, 0, 0, 28, 0, 0, 0, 5, 33
"d:\git\atmAssignment\atm\src\application\MainmenuController.java", "Java", 0, 0, 0, 0, 0, 0, 109, 0, 0, 11, 29, 149
"d:\git\atmAssignment\atm\src\application\RecordController.java", "Java", 0, 0, 0, 0, 0, 0, 114, 0, 0, 8, 18, 140
"d:\git\atmAssignment\atm\src\application\SendController.java", "Java", 0, 0, 0, 0, 0, 0, 147, 0, 0, 12, 30, 189
"d:\git\atmAssignment\atm\src\application\SendsuccessController.java", "Java", 0, 0, 0, 0, 0, 0, 53, 0, 0, 16, 12, 81
"d:\git\atmAssignment\atm\src\application\ServerProperties.json", "JSON", 0, 0, 4, 0, 0, 0, 0, 0, 0, 0, 0, 4
"d:\git\atmAssignment\atm\src\application\TableRowModel.java", "Java", 0, 0, 0, 0, 0, 0, 53, 0, 0, 26, 15, 94
"d:\git\atmAssignment\atm\src\application\WithdrawController.java", "Java", 0, 0, 0, 0, 0, 0, 83, 0, 0, 36, 11, 130
"d:\git\atmAssignment\atm\src\application\WithdrawOkController.java", "Java", 0, 0, 0, 0, 0, 0, 58, 0, 0, 12, 8, 78
"d:\git\atmAssignment\atm\src\application\application.css", "CSS", 0, 0, 0, 0, 0, 0, 0, 0, 0, 1, 0, 1
"d:\git\atmAssignment\atm\src\application\fxml\AccountChoose.fxml", "XML", 204, 0, 0, 0, 0, 0, 0, 0, 0, 0, 3, 207
"d:\git\atmAssignment\atm\src\application\fxml\Deposit.fxml", "XML", 58, 0, 0, 0, 0, 0, 0, 0, 0, 0, 3, 61
"d:\git\atmAssignment\atm\src\application\fxml\Deposit_ok.fxml", "XML", 96, 0, 0, 0, 0, 0, 0, 0, 0, 0, 3, 99
"d:\git\atmAssignment\atm\src\application\fxml\Mainmenu.fxml", "XML", 16, 0, 0, 0, 0, 0, 0, 0, 0, 0, 3, 19
"d:\git\atmAssignment\atm\src\application\fxml\Record.fxml", "XML", 43, 0, 0, 0, 0, 0, 0, 0, 0, 0, 3, 46
"d:\git\atmAssignment\atm\src\application\fxml\Sample.fxml", "XML", 10, 0, 0, 0, 0, 0, 0, 0, 0, 0, 4, 14
"d:\git\atmAssignment\atm\src\application\fxml\Send.fxml", "XML", 96, 0, 0, 0, 0, 0, 0, 0, 0, 0, 3, 99
"d:\git\atmAssignment\atm\src\application\fxml\Sendsuccess.fxml", "XML", 96, 0, 0, 0, 0, 0, 0, 0, 0, 0, 3, 99
"d:\git\atmAssignment\atm\src\application\fxml\Withdraw.fxml", "XML", 58, 0, 0, 0, 0, 0, 0, 0, 0, 0, 3, 61
"d:\git\atmAssignment\atm\src\application\fxml\Withdraw_ok.fxml", "XML", 96, 0, 0, 0, 0, 0, 0, 0, 0, 0, 3, 99
"d:\git\atmAssignment\atm\src\application\fxml\login.fxml", "XML", 96, 0, 0, 0, 0, 0, 0, 0, 0, 0, 3, 99
"d:\git\atmAssignment\atm\src\application\package-info.java", "Java", 0, 0, 0, 0, 0, 0, 1, 0, 0, 3, 0, 4
"d:\git\atmAssignment\atm\src\form\Account.java", "Java", 0, 0, 0, 0, 0, 0, 37, 0, 0, 28, 9, 74
"d:\git\atmAssignment\atm\src\form\ClientSocket.java", "Java", 0, 0, 0, 0, 0, 0, 89, 0, 0, 31, 13, 133
"d:\git\atmAssignment\atm\src\form\Enum\BankType.java", "Java", 0, 0, 0, 0, 0, 0, 26, 0, 0, 14, 6, 46
"d:\git\atmAssignment\atm\src\form\Enum\TransactionType.java", "Java", 0, 0, 0, 0, 0, 0, 6, 0, 0, 14, 1, 21
"d:\git\atmAssignment\atm\src\form\ServerProperties.json", "JSON", 0, 0, 4, 0, 0, 0, 0, 0, 0, 0, 0, 4
"d:\git\atmAssignment\atm\src\form\Transaction.java", "Java", 0, 0, 0, 0, 0, 0, 32, 0, 0, 31, 11, 74
"d:\git\atmAssignment\atm\src\form\TransactionDAO.java", "Java", 0, 0, 0, 0, 0, 0, 201, 0, 0, 138, 35, 374
"d:\git\atmAssignment\atm\src\form\package-info.java", "Java", 0, 0, 0, 0, 0, 0, 1, 0, 0, 3, 0, 4
"d:\git\atmAssignment\atm\src\server\Authentication.java", "Java", 0, 0, 0, 0, 0, 0, 78, 0, 0, 42, 14, 134
"d:\git\atmAssignment\atm\src\server\ClientConnectionSocket.java", "Java", 0, 0, 0, 0, 0, 0, 95, 0, 0, 40, 17, 152
"d:\git\atmAssignment\atm\src\server\DBProperties.json", "JSON", 0, 0, 5, 0, 0, 0, 0, 0, 0, 0, 0, 5
"d:\git\atmAssignment\atm\src\server\DatabaseDAO.java", "Java", 0, 0, 0, 0, 0, 0, 342, 0, 0, 64, 56, 462
"d:\git\atmAssignment\atm\src\server\Enum\RequsetType.java", "Java", 0, 0, 0, 0, 0, 0, 9, 0, 0, 23, 1, 33
"d:\git\atmAssignment\atm\src\server\ServerController.java", "Java", 0, 0, 0, 0, 0, 0, 30, 0, 0, 8, 7, 45
"d:\git\atmAssignment\atm\src\server\package-info.java", "Java", 0, 0, 0, 0, 0, 0, 1, 0, 0, 3, 0, 4
"d:\git\atmAssignment\dependency\javafx-sdk-11.0.2\legal\javafx.graphics\jpeg_fx.md", "Markdown", 0, 0, 0, 0, 0, 0, 0, 0, 42, 0, 8, 50
"d:\git\atmAssignment\dependency\javafx-sdk-11.0.2\legal\javafx.media\applecoreaudio.md", "Markdown", 0, 0, 0, 0, 0, 0, 0, 0, 44, 0, 10, 54
"d:\git\atmAssignment\dependency\javafx-sdk-11.0.2\legal\javafx.media\glib.md", "Markdown", 0, 0, 0, 0, 0, 0, 0, 0, 441, 0, 95, 536
"d:\git\atmAssignment\dependency\javafx-sdk-11.0.2\legal\javafx.media\gstreamer.md", "Markdown", 0, 0, 0, 0, 0, 0, 0, 0, 441, 0, 93, 534
"d:\git\atmAssignment\dependency\javafx-sdk-11.0.2\legal\javafx.media\libffi.md", "Markdown", 0, 0, 0, 0, 0, 0, 0, 0, 22, 0, 8, 30
"d:\git\atmAssignment\dependency\javafx-sdk-11.0.2\legal\javafx.web\icu_web.md", "Markdown", 0, 0, 0, 0, 0, 0, 0, 0, 391, 0, 29, 420
"d:\git\atmAssignment\dependency\javafx-sdk-11.0.2\legal\javafx.web\libxml2.md", "Markdown", 0, 0, 0, 0, 0, 0, 0, 0, 19, 0, 5, 24
"d:\git\atmAssignment\dependency\javafx-sdk-11.0.2\legal\javafx.web\libxslt.md", "Markdown", 0, 0, 0, 0, 0, 0, 0, 0, 19, 0, 6, 25
"d:\git\atmAssignment\dependency\javafx-sdk-11.0.2\legal\javafx.web\webkit.md", "Markdown", 0, 0, 0, 0, 0, 0, 0, 0, 441, 0, 93, 534
"d:\git\atmAssignment\dependency\javafx-sdk-11.0.2\lib\javafx.properties", "Properties", 0, 0, 0, 0, 0, 0, 0, 3, 0, 0, 1, 4
"d:\git\atmAssignment\serverStructure.yuml", "yUML", 0, 8, 0, 0, 0, 0, 0, 0, 0, 1, 0, 9
"d:\git\atmAssignment\stateMachine.svg", "XML", 134, 0, 0, 0, 0, 0, 0, 0, 0, 25, 1, 160
"d:\git\atmAssignment\stateMachine.yuml", "yUML", 0, 13, 0, 0, 0, 0, 0, 0, 0, 2, 0, 15
"d:\git\atmAssignment\test.yuml", "yUML", 0, 5, 0, 0, 0, 0, 0, 0, 0, 1, 0, 6
"Total", "-", 1403, 117, 21, 19961, 23274, 1435, 2105, 3, 1860, 12831, 6631, 69641